cell_type,cytokine,count,scaled_count
B Intermediate/Memory,4-1BBL,3661,0.3661
B Intermediate/Memory,ADSF,3600,0.36
B Intermediate/Memory,APRIL,2302,0.2302
B Intermediate/Memory,BAFF,2623,0.2623
B Intermediate/Memory,C3a,2721,0.2721
B Intermediate/Memory,C5a,2602,0.2602
B Intermediate/Memory,CD27L,4026,0.4026
B Intermediate/Memory,CD30L,3479,0.3479
B Intermediate/Memory,CD40L,3450,0.345
B Intermediate/Memory,CT-1,4260,0.426
B Intermediate/Memory,Decorin,3281,0.3281
B Intermediate/Memory,EGF,3540,0.354
B Intermediate/Memory,EPO,3434,0.3434
B Intermediate/Memory,FGF-beta,2884,0.2884
B Intermediate/Memory,FLT3L,3157,0.3157
B Intermediate/Memory,FasL,3570,0.357
B Intermediate/Memory,G-CSF,3463,0.3463
B Intermediate/Memory,GDNF,2892,0.2892
B Intermediate/Memory,GITRL,2967,0.2967
B Intermediate/Memory,GM-CSF,3601,0.3601
B Intermediate/Memory,HGF,2955,0.2955
B Intermediate/Memory,IFN-alpha1,4284,0.4284
B Intermediate/Memory,IFN-beta,3208,0.3208
B Intermediate/Memory,IFN-epsilon,3861,0.3861
B Intermediate/Memory,IFN-gamma,3495,0.3495
B Intermediate/Memory,IFN-lambda1,3659,0.3659
B Intermediate/Memory,IFN-lambda2,3825,0.3825
B Intermediate/Memory,IFN-lambda3,3173,0.3173
B Intermediate/Memory,IFN-omega,3598,0.3598
B Intermediate/Memory,IGF-1,3114,0.3114
B Intermediate/Memory,IL-1-alpha,3147,0.3147
B Intermediate/Memory,IL-1-beta,3112,0.3112
B Intermediate/Memory,IL-1Ra,3140,0.314
B Intermediate/Memory,IL-2,4267,0.4267
B Intermediate/Memory,IL-3,3394,0.3394
B Intermediate/Memory,IL-4,4599,0.4599
B Intermediate/Memory,IL-5,3166,0.3166
B Intermediate/Memory,IL-6,3163,0.3163
B Intermediate/Memory,IL-7,4858,0.4858
B Intermediate/Memory,IL-8,3134,0.3134
B Intermediate/Memory,IL-9,4235,0.4235
B Intermediate/Memory,IL-10,2721,0.2721
B Intermediate/Memory,IL-11,2974,0.2974
B Intermediate/Memory,IL-12,3851,0.3851
B Intermediate/Memory,IL-13,4110,0.411
B Intermediate/Memory,IL-15,5011,0.5011
B Intermediate/Memory,IL-16,2644,0.2644
B Intermediate/Memory,IL-17A,3235,0.3235
B Intermediate/Memory,IL-17B,2490,0.249
B Intermediate/Memory,IL-17C,2916,0.2916
B Intermediate/Memory,IL-17D,3407,0.3407
B Intermediate/Memory,IL-17E,3636,0.3636
B Intermediate/Memory,IL-17F,3787,0.3787
B Intermediate/Memory,IL-18,3092,0.3092
B Intermediate/Memory,IL-19,3199,0.3199
B Intermediate/Memory,IL-20,3606,0.3606
B Intermediate/Memory,IL-21,4168,0.4168
B Intermediate/Memory,IL-22,3055,0.3055
B Intermediate/Memory,IL-23,3763,0.3763
B Intermediate/Memory,IL-24,2864,0.2864
B Intermediate/Memory,IL-26,3032,0.3032
B Intermediate/Memory,IL-27,3543,0.3543
B Intermediate/Memory,IL-31,3519,0.3519
B Intermediate/Memory,IL-32-beta,2754,0.2754
B Intermediate/Memory,IL-33,3681,0.3681
B Intermediate/Memory,IL-34,3529,0.3529
B Intermediate/Memory,IL-35,2747,0.2747
B Intermediate/Memory,IL-36-alpha,4459,0.4459
B Intermediate/Memory,IL-36Ra,3824,0.3824
B Intermediate/Memory,LIF,3731,0.3731
B Intermediate/Memory,LIGHT,4127,0.4127
B Intermediate/Memory,LT-alpha1-beta2,3255,0.3255
B Intermediate/Memory,LT-alpha2-beta1,2505,0.2505
B Intermediate/Memory,Leptin,3401,0.3401
B Intermediate/Memory,M-CSF,2693,0.2693
B Intermediate/Memory,Noggin,3712,0.3712
B Intermediate/Memory,OSM,3861,0.3861
B Intermediate/Memory,OX40L,3070,0.307
B Intermediate/Memory,PBS,21350,2.135
B Intermediate/Memory,PRL,2815,0.2815
B Intermediate/Memory,PSPN,3115,0.3115
B Intermediate/Memory,RANKL,3216,0.3216
B Intermediate/Memory,SCF,3883,0.3883
B Intermediate/Memory,TGF-beta1,2807,0.2807
B Intermediate/Memory,TL1A,3207,0.3207
B Intermediate/Memory,TNF-alpha,3005,0.3005
B Intermediate/Memory,TPO,2655,0.2655
B Intermediate/Memory,TRAIL,3296,0.3296
B Intermediate/Memory,TSLP,4294,0.4294
B Intermediate/Memory,TWEAK,3356,0.3356
B Intermediate/Memory,VEGF,2790,0.279
B Naive,4-1BBL,7225,0.7225
B Naive,ADSF,7148,0.7148
B Naive,APRIL,4377,0.4377
B Naive,BAFF,4821,0.4821
B Naive,C3a,5593,0.5593
B Naive,C5a,5003,0.5003
B Naive,CD27L,7443,0.7443
B Naive,CD30L,6838,0.6838
B Naive,CD40L,5274,0.5274
B Naive,CT-1,7404,0.7404
B Naive,Decorin,6330,0.633
B Naive,EGF,6713,0.6713
B Naive,EPO,6239,0.6239
B Naive,FGF-beta,5741,0.5741
B Naive,FLT3L,6371,0.6371
B Naive,FasL,7104,0.7104
B Naive,G-CSF,6720,0.672
B Naive,GDNF,5451,0.5451
B Naive,GITRL,5564,0.5564
B Naive,GM-CSF,6408,0.6408
B Naive,HGF,5940,0.594
B Naive,IFN-alpha1,7271,0.7271
B Naive,IFN-beta,6443,0.6443
B Naive,IFN-epsilon,6938,0.6938
B Naive,IFN-gamma,7261,0.7261
B Naive,IFN-lambda1,7082,0.7082
B Naive,IFN-lambda2,7047,0.7047
B Naive,IFN-lambda3,5988,0.5988
B Naive,IFN-omega,6151,0.6151
B Naive,IGF-1,5988,0.5988
B Naive,IL-1-alpha,6695,0.6695
B Naive,IL-1-beta,7203,0.7203
B Naive,IL-1Ra,6665,0.6665
B Naive,IL-2,6542,0.6542
B Naive,IL-3,6554,0.6554
B Naive,IL-4,6472,0.6472
B Naive,IL-5,5970,0.597
B Naive,IL-6,6138,0.6138
B Naive,IL-7,7816,0.7816
B Naive,IL-8,5775,0.5775
B Naive,IL-9,8512,0.8512
B Naive,IL-10,6897,0.6897
B Naive,IL-11,5417,0.5417
B Naive,IL-12,7308,0.7308
B Naive,IL-13,6965,0.6965
B Naive,IL-15,7810,0.781
B Naive,IL-16,4805,0.4805
B Naive,IL-17A,6232,0.6232
B Naive,IL-17B,4890,0.489
B Naive,IL-17C,5298,0.5298
B Naive,IL-17D,6687,0.6687
B Naive,IL-17E,7349,0.7349
B Naive,IL-17F,7571,0.7571
B Naive,IL-18,6721,0.6721
B Naive,IL-19,5958,0.5958
B Naive,IL-20,6887,0.6887
B Naive,IL-21,6557,0.6557
B Naive,IL-22,6072,0.6072
B Naive,IL-23,6922,0.6922
B Naive,IL-24,5485,0.5485
B Naive,IL-26,5492,0.5492
B Naive,IL-27,7017,0.7017
B Naive,IL-31,7135,0.7135
B Naive,IL-32-beta,6052,0.6052
B Naive,IL-33,7753,0.7753
B Naive,IL-34,6728,0.6728
B Naive,IL-35,5381,0.5381
B Naive,IL-36-alpha,9140,0.914
B Naive,IL-36Ra,8561,0.8561
B Naive,LIF,7139,0.7139
B Naive,LIGHT,7034,0.7034
B Naive,LT-alpha1-beta2,7206,0.7206
B Naive,LT-alpha2-beta1,4868,0.4868
B Naive,Leptin,7191,0.7191
B Naive,M-CSF,5254,0.5254
B Naive,Noggin,6840,0.684
B Naive,OSM,7595,0.7595
B Naive,OX40L,5799,0.5799
B Naive,PBS,41445,4.1445
B Naive,PRL,6147,0.6147
B Naive,PSPN,6239,0.6239
B Naive,RANKL,6621,0.6621
B Naive,SCF,7000,0.7
B Naive,TGF-beta1,5225,0.5225
B Naive,TL1A,5724,0.5724
B Naive,TNF-alpha,6031,0.6031
B Naive,TPO,5601,0.5601
B Naive,TRAIL,6411,0.6411
B Naive,TSLP,8843,0.8843
B Naive,TWEAK,6259,0.6259
B Naive,VEGF,5459,0.5459
CD4 Memory,4-1BBL,27481,2.7481
CD4 Memory,ADSF,24852,2.4852
CD4 Memory,APRIL,16879,1.6879
CD4 Memory,BAFF,18094,1.8094
CD4 Memory,C3a,22921,2.2921
CD4 Memory,C5a,17945,1.7945
CD4 Memory,CD27L,28252,2.8252
CD4 Memory,CD30L,22829,2.2829
CD4 Memory,CD40L,19904,1.9904
CD4 Memory,CT-1,30963,3.0963
CD4 Memory,Decorin,23956,2.3956
CD4 Memory,EGF,23739,2.3739
CD4 Memory,EPO,20802,2.0802
CD4 Memory,FGF-beta,20852,2.0852
CD4 Memory,FLT3L,26465,2.6465
CD4 Memory,FasL,23890,2.389
CD4 Memory,G-CSF,27286,2.7286
CD4 Memory,GDNF,21067,2.1067
CD4 Memory,GITRL,20589,2.0589
CD4 Memory,GM-CSF,20737,2.0737
CD4 Memory,HGF,21843,2.1843
CD4 Memory,IFN-alpha1,27196,2.7196
CD4 Memory,IFN-beta,28365,2.8365
CD4 Memory,IFN-epsilon,26166,2.6166
CD4 Memory,IFN-gamma,24522,2.4522
CD4 Memory,IFN-lambda1,23036,2.3036
CD4 Memory,IFN-lambda2,23236,2.3236
CD4 Memory,IFN-lambda3,23358,2.3358
CD4 Memory,IFN-omega,17257,1.7257
CD4 Memory,IGF-1,25191,2.5191
CD4 Memory,IL-1-alpha,21451,2.1451
CD4 Memory,IL-1-beta,30067,3.0067
CD4 Memory,IL-1Ra,28644,2.8644
CD4 Memory,IL-2,25333,2.5333
CD4 Memory,IL-3,21657,2.1657
CD4 Memory,IL-4,51552,5.1552
CD4 Memory,IL-5,23199,2.3199
CD4 Memory,IL-6,25862,2.5862
CD4 Memory,IL-7,22974,2.2974
CD4 Memory,IL-8,22007,2.2007
CD4 Memory,IL-9,34720,3.472
CD4 Memory,IL-10,24262,2.4262
CD4 Memory,IL-11,17756,1.7756
CD4 Memory,IL-12,22204,2.2204
CD4 Memory,IL-13,27666,2.7666
CD4 Memory,IL-15,25110,2.511
CD4 Memory,IL-16,22372,2.2372
CD4 Memory,IL-17A,21089,2.1089
CD4 Memory,IL-17B,19550,1.955
CD4 Memory,IL-17C,22134,2.2134
CD4 Memory,IL-17D,27550,2.755
CD4 Memory,IL-17E,25424,2.5424
CD4 Memory,IL-17F,26888,2.6888
CD4 Memory,IL-18,27838,2.7838
CD4 Memory,IL-19,21600,2.16
CD4 Memory,IL-20,24942,2.4942
CD4 Memory,IL-21,27086,2.7086
CD4 Memory,IL-22,24288,2.4288
CD4 Memory,IL-23,28565,2.8565
CD4 Memory,IL-24,23167,2.3167
CD4 Memory,IL-26,20162,2.0162
CD4 Memory,IL-27,23053,2.3053
CD4 Memory,IL-31,28235,2.8235
CD4 Memory,IL-32-beta,24952,2.4952
CD4 Memory,IL-33,34537,3.4537
CD4 Memory,IL-34,32797,3.2797
CD4 Memory,IL-35,23310,2.331
CD4 Memory,IL-36-alpha,30469,3.0469
CD4 Memory,IL-36Ra,29559,2.9559
CD4 Memory,LIF,26207,2.6207
CD4 Memory,LIGHT,26006,2.6006
CD4 Memory,LT-alpha1-beta2,23926,2.3926
CD4 Memory,LT-alpha2-beta1,21231,2.1231
CD4 Memory,Leptin,27746,2.7746
CD4 Memory,M-CSF,20109,2.0109
CD4 Memory,Noggin,24529,2.4529
CD4 Memory,OSM,27977,2.7977
CD4 Memory,OX40L,20331,2.0331
CD4 Memory,PBS,152889,15.2889
CD4 Memory,PRL,23350,2.335
CD4 Memory,PSPN,22660,2.266
CD4 Memory,RANKL,25111,2.5111
CD4 Memory,SCF,27588,2.7588
CD4 Memory,TGF-beta1,21450,2.145
CD4 Memory,TL1A,19135,1.9135
CD4 Memory,TNF-alpha,27656,2.7656
CD4 Memory,TPO,23236,2.3236
CD4 Memory,TRAIL,26125,2.6125
CD4 Memory,TSLP,30995,3.0995
CD4 Memory,TWEAK,24852,2.4852
CD4 Memory,VEGF,19632,1.9632
CD4 Naive,4-1BBL,18711,1.8711
CD4 Naive,ADSF,20868,2.0868
CD4 Naive,APRIL,12908,1.2908
CD4 Naive,BAFF,14449,1.4449
CD4 Naive,C3a,13905,1.3905
CD4 Naive,C5a,15191,1.5191
CD4 Naive,CD27L,19243,1.9243
CD4 Naive,CD30L,20465,2.0465
CD4 Naive,CD40L,15700,1.57
CD4 Naive,CT-1,28021,2.8021
CD4 Naive,Decorin,19178,1.9178
CD4 Naive,EGF,20012,2.0012
CD4 Naive,EPO,17301,1.7301
CD4 Naive,FGF-beta,16689,1.6689
CD4 Naive,FLT3L,15433,1.5433
CD4 Naive,FasL,19413,1.9413
CD4 Naive,G-CSF,22500,2.25
CD4 Naive,GDNF,15694,1.5694
CD4 Naive,GITRL,15817,1.5817
CD4 Naive,GM-CSF,20984,2.0984
CD4 Naive,HGF,15832,1.5832
CD4 Naive,IFN-alpha1,21743,2.1743
CD4 Naive,IFN-beta,14966,1.4966
CD4 Naive,IFN-epsilon,19640,1.964
CD4 Naive,IFN-gamma,17184,1.7184
CD4 Naive,IFN-lambda1,20171,2.0171
CD4 Naive,IFN-lambda2,17405,1.7405
CD4 Naive,IFN-lambda3,12507,1.2507
CD4 Naive,IFN-omega,13707,1.3707
CD4 Naive,IGF-1,15799,1.5799
CD4 Naive,IL-1-alpha,19121,1.9121
CD4 Naive,IL-1-beta,15622,1.5622
CD4 Naive,IL-1Ra,16638,1.6638
CD4 Naive,IL-2,19828,1.9828
CD4 Naive,IL-3,16392,1.6392
CD4 Naive,IL-4,1675,0.1675
CD4 Naive,IL-5,15621,1.5621
CD4 Naive,IL-6,16324,1.6324
CD4 Naive,IL-7,33006,3.3006
CD4 Naive,IL-8,15863,1.5863
CD4 Naive,IL-9,20416,2.0416
CD4 Naive,IL-10,22515,2.2515
CD4 Naive,IL-11,15411,1.5411
CD4 Naive,IL-12,22054,2.2054
CD4 Naive,IL-13,23146,2.3146
CD4 Naive,IL-15,24647,2.4647
CD4 Naive,IL-16,17276,1.7276
CD4 Naive,IL-17A,15836,1.5836
CD4 Naive,IL-17B,14700,1.47
CD4 Naive,IL-17C,14776,1.4776
CD4 Naive,IL-17D,15533,1.5533
CD4 Naive,IL-17E,14828,1.4828
CD4 Naive,IL-17F,19558,1.9558
CD4 Naive,IL-18,16898,1.6898
CD4 Naive,IL-19,20125,2.0125
CD4 Naive,IL-20,18667,1.8667
CD4 Naive,IL-21,23511,2.3511
CD4 Naive,IL-22,18211,1.8211
CD4 Naive,IL-23,20911,2.0911
CD4 Naive,IL-24,13138,1.3138
CD4 Naive,IL-26,17151,1.7151
CD4 Naive,IL-27,19231,1.9231
CD4 Naive,IL-31,17503,1.7503
CD4 Naive,IL-32-beta,19956,1.9956
CD4 Naive,IL-33,20100,2.01
CD4 Naive,IL-34,15262,1.5262
CD4 Naive,IL-35,17982,1.7982
CD4 Naive,IL-36-alpha,26241,2.6241
CD4 Naive,IL-36Ra,22745,2.2745
CD4 Naive,LIF,18260,1.826
CD4 Naive,LIGHT,21996,2.1996
CD4 Naive,LT-alpha1-beta2,12656,1.2656
CD4 Naive,LT-alpha2-beta1,14795,1.4795
CD4 Naive,Leptin,15942,1.5942
CD4 Naive,M-CSF,13275,1.3275
CD4 Naive,Noggin,20245,2.0245
CD4 Naive,OSM,19664,1.9664
CD4 Naive,OX40L,18465,1.8465
CD4 Naive,PBS,108139,10.8139
CD4 Naive,PRL,14407,1.4407
CD4 Naive,PSPN,15880,1.588
CD4 Naive,RANKL,18422,1.8422
CD4 Naive,SCF,21855,2.1855
CD4 Naive,TGF-beta1,17020,1.702
CD4 Naive,TL1A,14637,1.4637
CD4 Naive,TNF-alpha,19566,1.9566
CD4 Naive,TPO,17028,1.7028
CD4 Naive,TRAIL,21162,2.1162
CD4 Naive,TSLP,21936,2.1936
CD4 Naive,TWEAK,15574,1.5574
CD4 Naive,VEGF,15205,1.5205
CD8 Memory,4-1BBL,8148,0.8148
CD8 Memory,ADSF,7851,0.7851
CD8 Memory,APRIL,5824,0.5824
CD8 Memory,BAFF,6567,0.6567
CD8 Memory,C3a,7136,0.7136
CD8 Memory,C5a,6485,0.6485
CD8 Memory,CD27L,8677,0.8677
CD8 Memory,CD30L,7940,0.794
CD8 Memory,CD40L,6421,0.6421
CD8 Memory,CT-1,10464,1.0464
CD8 Memory,Decorin,7609,0.7609
CD8 Memory,EGF,7920,0.792
CD8 Memory,EPO,7088,0.7088
CD8 Memory,FGF-beta,6915,0.6915
CD8 Memory,FLT3L,7686,0.7686
CD8 Memory,FasL,7798,0.7798
CD8 Memory,G-CSF,8708,0.8708
CD8 Memory,GDNF,7342,0.7342
CD8 Memory,GITRL,7023,0.7023
CD8 Memory,GM-CSF,7075,0.7075
CD8 Memory,HGF,6781,0.6781
CD8 Memory,IFN-alpha1,9044,0.9044
CD8 Memory,IFN-beta,8629,0.8629
CD8 Memory,IFN-epsilon,8527,0.8527
CD8 Memory,IFN-gamma,8148,0.8148
CD8 Memory,IFN-lambda1,7638,0.7638
CD8 Memory,IFN-lambda2,7331,0.7331
CD8 Memory,IFN-lambda3,6699,0.6699
CD8 Memory,IFN-omega,6666,0.6666
CD8 Memory,IGF-1,7408,0.7408
CD8 Memory,IL-1-alpha,8229,0.8229
CD8 Memory,IL-1-beta,9036,0.9036
CD8 Memory,IL-1Ra,9471,0.9471
CD8 Memory,IL-2,7450,0.745
CD8 Memory,IL-3,7611,0.7611
CD8 Memory,IL-4,7862,0.7862
CD8 Memory,IL-5,7315,0.7315
CD8 Memory,IL-6,7836,0.7836
CD8 Memory,IL-7,9797,0.9797
CD8 Memory,IL-8,7167,0.7167
CD8 Memory,IL-9,11134,1.1134
CD8 Memory,IL-10,7410,0.741
CD8 Memory,IL-11,5930,0.593
CD8 Memory,IL-12,7671,0.7671
CD8 Memory,IL-13,10022,1.0022
CD8 Memory,IL-15,8457,0.8457
CD8 Memory,IL-16,6585,0.6585
CD8 Memory,IL-17A,6847,0.6847
CD8 Memory,IL-17B,6109,0.6109
CD8 Memory,IL-17C,7031,0.7031
CD8 Memory,IL-17D,7851,0.7851
CD8 Memory,IL-17E,7774,0.7774
CD8 Memory,IL-17F,7940,0.794
CD8 Memory,IL-18,8635,0.8635
CD8 Memory,IL-19,7612,0.7612
CD8 Memory,IL-20,7972,0.7972
CD8 Memory,IL-21,8160,0.816
CD8 Memory,IL-22,7881,0.7881
CD8 Memory,IL-23,8776,0.8776
CD8 Memory,IL-24,7207,0.7207
CD8 Memory,IL-26,6378,0.6378
CD8 Memory,IL-27,8301,0.8301
CD8 Memory,IL-31,8626,0.8626
CD8 Memory,IL-32-beta,7777,0.7777
CD8 Memory,IL-33,10204,1.0204
CD8 Memory,IL-34,9315,0.9315
CD8 Memory,IL-35,7395,0.7395
CD8 Memory,IL-36-alpha,10403,1.0403
CD8 Memory,IL-36Ra,10786,1.0786
CD8 Memory,LIF,8657,0.8657
CD8 Memory,LIGHT,8717,0.8717
CD8 Memory,LT-alpha1-beta2,7026,0.7026
CD8 Memory,LT-alpha2-beta1,6539,0.6539
CD8 Memory,Leptin,7815,0.7815
CD8 Memory,M-CSF,7121,0.7121
CD8 Memory,Noggin,8350,0.835
CD8 Memory,OSM,9057,0.9057
CD8 Memory,OX40L,7002,0.7002
CD8 Memory,PBS,47563,4.7563
CD8 Memory,PRL,7332,0.7332
CD8 Memory,PSPN,7493,0.7493
CD8 Memory,RANKL,7848,0.7848
CD8 Memory,SCF,8900,0.89
CD8 Memory,TGF-beta1,7578,0.7578
CD8 Memory,TL1A,6591,0.6591
CD8 Memory,TNF-alpha,8064,0.8064
CD8 Memory,TPO,7533,0.7533
CD8 Memory,TRAIL,7646,0.7646
CD8 Memory,TSLP,10774,1.0774
CD8 Memory,TWEAK,7297,0.7297
CD8 Memory,VEGF,7171,0.7171
CD8 Naive,4-1BBL,6737,0.6737
CD8 Naive,ADSF,7515,0.7515
CD8 Naive,APRIL,4838,0.4838
CD8 Naive,BAFF,5076,0.5076
CD8 Naive,C3a,5082,0.5082
CD8 Naive,C5a,5618,0.5618
CD8 Naive,CD27L,7005,0.7005
CD8 Naive,CD30L,7381,0.7381
CD8 Naive,CD40L,5845,0.5845
CD8 Naive,CT-1,8461,0.8461
CD8 Naive,Decorin,6982,0.6982
CD8 Naive,EGF,7135,0.7135
CD8 Naive,EPO,6222,0.6222
CD8 Naive,FGF-beta,6045,0.6045
CD8 Naive,FLT3L,5791,0.5791
CD8 Naive,FasL,7316,0.7316
CD8 Naive,G-CSF,7188,0.7188
CD8 Naive,GDNF,5876,0.5876
CD8 Naive,GITRL,5911,0.5911
CD8 Naive,GM-CSF,6966,0.6966
CD8 Naive,HGF,5721,0.5721
CD8 Naive,IFN-alpha1,7340,0.734
CD8 Naive,IFN-beta,5969,0.5969
CD8 Naive,IFN-epsilon,7086,0.7086
CD8 Naive,IFN-gamma,6349,0.6349
CD8 Naive,IFN-lambda1,7136,0.7136
CD8 Naive,IFN-lambda2,6416,0.6416
CD8 Naive,IFN-lambda3,4996,0.4996
CD8 Naive,IFN-omega,5628,0.5628
CD8 Naive,IGF-1,6124,0.6124
CD8 Naive,IL-1-alpha,6688,0.6688
CD8 Naive,IL-1-beta,5505,0.5505
CD8 Naive,IL-1Ra,6810,0.681
CD8 Naive,IL-2,6194,0.6194
CD8 Naive,IL-3,6311,0.6311
CD8 Naive,IL-4,991,0.0991
CD8 Naive,IL-5,6060,0.606
CD8 Naive,IL-6,5409,0.5409
CD8 Naive,IL-7,8549,0.8549
CD8 Naive,IL-8,6192,0.6192
CD8 Naive,IL-9,7883,0.7883
CD8 Naive,IL-10,7652,0.7652
CD8 Naive,IL-11,5804,0.5804
CD8 Naive,IL-12,7736,0.7736
CD8 Naive,IL-13,7980,0.798
CD8 Naive,IL-15,8066,0.8066
CD8 Naive,IL-16,5812,0.5812
CD8 Naive,IL-17A,6087,0.6087
CD8 Naive,IL-17B,5240,0.524
CD8 Naive,IL-17C,5461,0.5461
CD8 Naive,IL-17D,6442,0.6442
CD8 Naive,IL-17E,5412,0.5412
CD8 Naive,IL-17F,7642,0.7642
CD8 Naive,IL-18,6862,0.6862
CD8 Naive,IL-19,7210,0.721
CD8 Naive,IL-20,6584,0.6584
CD8 Naive,IL-21,6615,0.6615
CD8 Naive,IL-22,6119,0.6119
CD8 Naive,IL-23,7786,0.7786
CD8 Naive,IL-24,4902,0.4902
CD8 Naive,IL-26,6515,0.6515
CD8 Naive,IL-27,6861,0.6861
CD8 Naive,IL-31,6556,0.6556
CD8 Naive,IL-32-beta,6936,0.6936
CD8 Naive,IL-33,7248,0.7248
CD8 Naive,IL-34,5577,0.5577
CD8 Naive,IL-35,6485,0.6485
CD8 Naive,IL-36-alpha,9122,0.9122
CD8 Naive,IL-36Ra,8171,0.8171
CD8 Naive,LIF,6810,0.681
CD8 Naive,LIGHT,7459,0.7459
CD8 Naive,LT-alpha1-beta2,5711,0.5711
CD8 Naive,LT-alpha2-beta1,5203,0.5203
CD8 Naive,Leptin,6769,0.6769
CD8 Naive,M-CSF,4931,0.4931
CD8 Naive,Noggin,7303,0.7303
CD8 Naive,OSM,6972,0.6972
CD8 Naive,OX40L,5997,0.5997
CD8 Naive,PBS,37922,3.7922
CD8 Naive,PRL,5585,0.5585
CD8 Naive,PSPN,6154,0.6154
CD8 Naive,RANKL,6688,0.6688
CD8 Naive,SCF,7860,0.786
CD8 Naive,TGF-beta1,6148,0.6148
CD8 Naive,TL1A,5817,0.5817
CD8 Naive,TNF-alpha,6475,0.6475
CD8 Naive,TPO,6032,0.6032
CD8 Naive,TRAIL,6894,0.6894
CD8 Naive,TSLP,8345,0.8345
CD8 Naive,TWEAK,5803,0.5803
CD8 Naive,VEGF,5708,0.5708
CD14 Mono,4-1BBL,18826,1.8826
CD14 Mono,ADSF,16885,1.6885
CD14 Mono,APRIL,12147,1.2147
CD14 Mono,BAFF,12326,1.2326
CD14 Mono,C3a,13518,1.3518
CD14 Mono,C5a,16660,1.666
CD14 Mono,CD27L,17591,1.7591
CD14 Mono,CD30L,16049,1.6049
CD14 Mono,CD40L,15355,1.5355
CD14 Mono,CT-1,22405,2.2405
CD14 Mono,Decorin,16549,1.6549
CD14 Mono,EGF,17021,1.7021
CD14 Mono,EPO,16010,1.601
CD14 Mono,FGF-beta,15240,1.524
CD14 Mono,FLT3L,14987,1.4987
CD14 Mono,FasL,16315,1.6315
CD14 Mono,G-CSF,21169,2.1169
CD14 Mono,GDNF,14324,1.4324
CD14 Mono,GITRL,14478,1.4478
CD14 Mono,GM-CSF,18736,1.8736
CD14 Mono,HGF,15414,1.5414
CD14 Mono,IFN-alpha1,17268,1.7268
CD14 Mono,IFN-beta,12737,1.2737
CD14 Mono,IFN-epsilon,17582,1.7582
CD14 Mono,IFN-gamma,16138,1.6138
CD14 Mono,IFN-lambda1,15831,1.5831
CD14 Mono,IFN-lambda2,16902,1.6902
CD14 Mono,IFN-lambda3,14439,1.4439
CD14 Mono,IFN-omega,11811,1.1811
CD14 Mono,IGF-1,15633,1.5633
CD14 Mono,IL-1-alpha,15760,1.576
CD14 Mono,IL-1-beta,17802,1.7802
CD14 Mono,IL-1Ra,16505,1.6505
CD14 Mono,IL-2,13985,1.3985
CD14 Mono,IL-3,16251,1.6251
CD14 Mono,IL-4,20427,2.0427
CD14 Mono,IL-5,15955,1.5955
CD14 Mono,IL-6,15990,1.599
CD14 Mono,IL-7,18080,1.808
CD14 Mono,IL-8,14861,1.4861
CD14 Mono,IL-9,20347,2.0347
CD14 Mono,IL-10,14359,1.4359
CD14 Mono,IL-11,14073,1.4073
CD14 Mono,IL-12,17083,1.7083
CD14 Mono,IL-13,20742,2.0742
CD14 Mono,IL-15,15172,1.5172
CD14 Mono,IL-16,14824,1.4824
CD14 Mono,IL-17A,14639,1.4639
CD14 Mono,IL-17B,13577,1.3577
CD14 Mono,IL-17C,15636,1.5636
CD14 Mono,IL-17D,16770,1.677
CD14 Mono,IL-17E,16251,1.6251
CD14 Mono,IL-17F,17472,1.7472
CD14 Mono,IL-18,15627,1.5627
CD14 Mono,IL-19,16396,1.6396
CD14 Mono,IL-20,17589,1.7589
CD14 Mono,IL-21,18565,1.8565
CD14 Mono,IL-22,17570,1.757
CD14 Mono,IL-23,19649,1.9649
CD14 Mono,IL-24,14742,1.4742
CD14 Mono,IL-26,14032,1.4032
CD14 Mono,IL-27,16697,1.6697
CD14 Mono,IL-31,16590,1.659
CD14 Mono,IL-32-beta,17736,1.7736
CD14 Mono,IL-33,19450,1.945
CD14 Mono,IL-34,17511,1.7511
CD14 Mono,IL-35,15886,1.5886
CD14 Mono,IL-36-alpha,21613,2.1613
CD14 Mono,IL-36Ra,20038,2.0038
CD14 Mono,LIF,16367,1.6367
CD14 Mono,LIGHT,17917,1.7917
CD14 Mono,LT-alpha1-beta2,16098,1.6098
CD14 Mono,LT-alpha2-beta1,13172,1.3172
CD14 Mono,Leptin,16057,1.6057
CD14 Mono,M-CSF,16439,1.6439
CD14 Mono,Noggin,17695,1.7695
CD14 Mono,OSM,18733,1.8733
CD14 Mono,OX40L,16091,1.6091
CD14 Mono,PBS,110999,11.0999
CD14 Mono,PRL,13835,1.3835
CD14 Mono,PSPN,14069,1.4069
CD14 Mono,RANKL,15021,1.5021
CD14 Mono,SCF,18305,1.8305
CD14 Mono,TGF-beta1,14795,1.4795
CD14 Mono,TL1A,13963,1.3963
CD14 Mono,TNF-alpha,15592,1.5592
CD14 Mono,TPO,15601,1.5601
CD14 Mono,TRAIL,16228,1.6228
CD14 Mono,TSLP,20176,2.0176
CD14 Mono,TWEAK,14867,1.4867
CD14 Mono,VEGF,13950,1.395
CD16 Mono,4-1BBL,2537,0.2537
CD16 Mono,ADSF,2512,0.2512
CD16 Mono,APRIL,1892,0.1892
CD16 Mono,BAFF,1823,0.1823
CD16 Mono,C3a,2083,0.2083
CD16 Mono,C5a,2011,0.2011
CD16 Mono,CD27L,2719,0.2719
CD16 Mono,CD30L,2520,0.252
CD16 Mono,CD40L,2162,0.2162
CD16 Mono,CT-1,3183,0.3183
CD16 Mono,Decorin,2387,0.2387
CD16 Mono,EGF,2650,0.265
CD16 Mono,EPO,2427,0.2427
CD16 Mono,FGF-beta,2248,0.2248
CD16 Mono,FLT3L,2331,0.2331
CD16 Mono,FasL,2406,0.2406
CD16 Mono,G-CSF,3061,0.3061
CD16 Mono,GDNF,2058,0.2058
CD16 Mono,GITRL,2073,0.2073
CD16 Mono,GM-CSF,2168,0.2168
CD16 Mono,HGF,2291,0.2291
CD16 Mono,IFN-alpha1,2760,0.276
CD16 Mono,IFN-beta,1714,0.1714
CD16 Mono,IFN-epsilon,2562,0.2562
CD16 Mono,IFN-gamma,2402,0.2402
CD16 Mono,IFN-lambda1,2445,0.2445
CD16 Mono,IFN-lambda2,2451,0.2451
CD16 Mono,IFN-lambda3,2202,0.2202
CD16 Mono,IFN-omega,1416,0.1416
CD16 Mono,IGF-1,2463,0.2463
CD16 Mono,IL-1-alpha,2706,0.2706
CD16 Mono,IL-1-beta,2736,0.2736
CD16 Mono,IL-1Ra,2575,0.2575
CD16 Mono,IL-2,2150,0.215
CD16 Mono,IL-3,2087,0.2087
CD16 Mono,IL-4,1193,0.1193
CD16 Mono,IL-5,2500,0.25
CD16 Mono,IL-6,2265,0.2265
CD16 Mono,IL-7,3054,0.3054
CD16 Mono,IL-8,2171,0.2171
CD16 Mono,IL-9,3227,0.3227
CD16 Mono,IL-10,2030,0.203
CD16 Mono,IL-11,2165,0.2165
CD16 Mono,IL-12,3150,0.315
CD16 Mono,IL-13,2186,0.2186
CD16 Mono,IL-15,2634,0.2634
CD16 Mono,IL-16,1975,0.1975
CD16 Mono,IL-17A,2277,0.2277
CD16 Mono,IL-17B,2090,0.209
CD16 Mono,IL-17C,2235,0.2235
CD16 Mono,IL-17D,2414,0.2414
CD16 Mono,IL-17E,2296,0.2296
CD16 Mono,IL-17F,2547,0.2547
CD16 Mono,IL-18,2357,0.2357
CD16 Mono,IL-19,2227,0.2227
CD16 Mono,IL-20,2558,0.2558
CD16 Mono,IL-21,2701,0.2701
CD16 Mono,IL-22,2592,0.2592
CD16 Mono,IL-23,2968,0.2968
CD16 Mono,IL-24,2202,0.2202
CD16 Mono,IL-26,2192,0.2192
CD16 Mono,IL-27,2654,0.2654
CD16 Mono,IL-31,2572,0.2572
CD16 Mono,IL-32-beta,782,0.0782
CD16 Mono,IL-33,3093,0.3093
CD16 Mono,IL-34,2566,0.2566
CD16 Mono,IL-35,2233,0.2233
CD16 Mono,IL-36-alpha,3514,0.3514
CD16 Mono,IL-36Ra,3007,0.3007
CD16 Mono,LIF,2692,0.2692
CD16 Mono,LIGHT,2653,0.2653
CD16 Mono,LT-alpha1-beta2,2374,0.2374
CD16 Mono,LT-alpha2-beta1,2067,0.2067
CD16 Mono,Leptin,2403,0.2403
CD16 Mono,M-CSF,2283,0.2283
CD16 Mono,Noggin,2573,0.2573
CD16 Mono,OSM,2745,0.2745
CD16 Mono,OX40L,2369,0.2369
CD16 Mono,PBS,16710,1.671
CD16 Mono,PRL,2210,0.221
CD16 Mono,PSPN,2307,0.2307
CD16 Mono,RANKL,2402,0.2402
CD16 Mono,SCF,2616,0.2616
CD16 Mono,TGF-beta1,2189,0.2189
CD16 Mono,TL1A,2278,0.2278
CD16 Mono,TNF-alpha,2231,0.2231
CD16 Mono,TPO,2316,0.2316
CD16 Mono,TRAIL,2484,0.2484
CD16 Mono,TSLP,3350,0.335
CD16 Mono,TWEAK,2465,0.2465
CD16 Mono,VEGF,2200,0.22
HSPC,4-1BBL,176,0.0176
HSPC,ADSF,183,0.0183
HSPC,APRIL,144,0.0144
HSPC,BAFF,123,0.0123
HSPC,C3a,182,0.0182
HSPC,C5a,145,0.0145
HSPC,CD27L,198,0.0198
HSPC,CD30L,218,0.0218
HSPC,CD40L,162,0.0162
HSPC,CT-1,245,0.0245
HSPC,Decorin,203,0.0203
HSPC,EGF,205,0.0205
HSPC,EPO,155,0.0155
HSPC,FGF-beta,164,0.0164
HSPC,FLT3L,163,0.0163
HSPC,FasL,189,0.0189
HSPC,G-CSF,191,0.0191
HSPC,GDNF,165,0.0165
HSPC,GITRL,128,0.0128
HSPC,GM-CSF,201,0.0201
HSPC,HGF,140,0.014
HSPC,IFN-alpha1,226,0.0226
HSPC,IFN-beta,153,0.0153
HSPC,IFN-epsilon,218,0.0218
HSPC,IFN-gamma,174,0.0174
HSPC,IFN-lambda1,181,0.0181
HSPC,IFN-lambda2,177,0.0177
HSPC,IFN-lambda3,169,0.0169
HSPC,IFN-omega,137,0.0137
HSPC,IGF-1,190,0.019
HSPC,IL-1-alpha,161,0.0161
HSPC,IL-1-beta,166,0.0166
HSPC,IL-1Ra,224,0.0224
HSPC,IL-2,181,0.0181
HSPC,IL-3,143,0.0143
HSPC,IL-4,176,0.0176
HSPC,IL-5,169,0.0169
HSPC,IL-6,156,0.0156
HSPC,IL-7,239,0.0239
HSPC,IL-8,158,0.0158
HSPC,IL-9,255,0.0255
HSPC,IL-10,179,0.0179
HSPC,IL-11,162,0.0162
HSPC,IL-12,191,0.0191
HSPC,IL-13,246,0.0246
HSPC,IL-15,204,0.0204
HSPC,IL-16,167,0.0167
HSPC,IL-17A,147,0.0147
HSPC,IL-17B,139,0.0139
HSPC,IL-17C,160,0.016
HSPC,IL-17D,177,0.0177
HSPC,IL-17E,173,0.0173
HSPC,IL-17F,194,0.0194
HSPC,IL-18,198,0.0198
HSPC,IL-19,195,0.0195
HSPC,IL-20,162,0.0162
HSPC,IL-21,182,0.0182
HSPC,IL-22,191,0.0191
HSPC,IL-23,219,0.0219
HSPC,IL-24,159,0.0159
HSPC,IL-26,153,0.0153
HSPC,IL-27,204,0.0204
HSPC,IL-31,185,0.0185
HSPC,IL-32-beta,189,0.0189
HSPC,IL-33,215,0.0215
HSPC,IL-34,204,0.0204
HSPC,IL-35,209,0.0209
HSPC,IL-36-alpha,234,0.0234
HSPC,IL-36Ra,247,0.0247
HSPC,LIF,197,0.0197
HSPC,LIGHT,192,0.0192
HSPC,LT-alpha1-beta2,150,0.015
HSPC,LT-alpha2-beta1,142,0.0142
HSPC,Leptin,214,0.0214
HSPC,M-CSF,124,0.0124
HSPC,Noggin,188,0.0188
HSPC,OSM,200,0.02
HSPC,OX40L,134,0.0134
HSPC,PBS,1035,0.1035
HSPC,PRL,178,0.0178
HSPC,PSPN,160,0.016
HSPC,RANKL,187,0.0187
HSPC,SCF,173,0.0173
HSPC,TGF-beta1,168,0.0168
HSPC,TL1A,149,0.0149
HSPC,TNF-alpha,199,0.0199
HSPC,TPO,148,0.0148
HSPC,TRAIL,203,0.0203
HSPC,TSLP,244,0.0244
HSPC,TWEAK,162,0.0162
HSPC,VEGF,157,0.0157
ILC,4-1BBL,112,0.0112
ILC,ADSF,94,0.0094
ILC,APRIL,63,0.0063
ILC,BAFF,55,0.0055
ILC,C3a,96,0.0096
ILC,C5a,68,0.0068
ILC,CD27L,86,0.0086
ILC,CD30L,97,0.0097
ILC,CD40L,68,0.0068
ILC,CT-1,120,0.012
ILC,Decorin,95,0.0095
ILC,EGF,96,0.0096
ILC,EPO,79,0.0079
ILC,FGF-beta,61,0.0061
ILC,FLT3L,83,0.0083
ILC,FasL,103,0.0103
ILC,G-CSF,129,0.0129
ILC,GDNF,88,0.0088
ILC,GITRL,66,0.0066
ILC,GM-CSF,116,0.0116
ILC,HGF,76,0.0076
ILC,IFN-alpha1,119,0.0119
ILC,IFN-beta,62,0.0062
ILC,IFN-epsilon,100,0.01
ILC,IFN-gamma,92,0.0092
ILC,IFN-lambda1,81,0.0081
ILC,IFN-lambda2,74,0.0074
ILC,IFN-lambda3,60,0.006
ILC,IFN-omega,48,0.0048
ILC,IGF-1,75,0.0075
ILC,IL-1-alpha,57,0.0057
ILC,IL-1-beta,100,0.01
ILC,IL-1Ra,97,0.0097
ILC,IL-2,77,0.0077
ILC,IL-3,88,0.0088
ILC,IL-4,84,0.0084
ILC,IL-5,87,0.0087
ILC,IL-6,74,0.0074
ILC,IL-7,85,0.0085
ILC,IL-8,79,0.0079
ILC,IL-9,92,0.0092
ILC,IL-10,99,0.0099
ILC,IL-11,85,0.0085
ILC,IL-12,69,0.0069
ILC,IL-13,113,0.0113
ILC,IL-15,78,0.0078
ILC,IL-16,85,0.0085
ILC,IL-17A,84,0.0084
ILC,IL-17B,76,0.0076
ILC,IL-17C,82,0.0082
ILC,IL-17D,110,0.011
ILC,IL-17E,76,0.0076
ILC,IL-17F,105,0.0105
ILC,IL-18,63,0.0063
ILC,IL-19,97,0.0097
ILC,IL-20,110,0.011
ILC,IL-21,86,0.0086
ILC,IL-22,96,0.0096
ILC,IL-23,95,0.0095
ILC,IL-24,83,0.0083
ILC,IL-26,68,0.0068
ILC,IL-27,73,0.0073
ILC,IL-31,92,0.0092
ILC,IL-32-beta,95,0.0095
ILC,IL-33,89,0.0089
ILC,IL-34,112,0.0112
ILC,IL-35,82,0.0082
ILC,IL-36-alpha,82,0.0082
ILC,IL-36Ra,97,0.0097
ILC,LIF,121,0.0121
ILC,LIGHT,118,0.0118
ILC,LT-alpha1-beta2,68,0.0068
ILC,LT-alpha2-beta1,62,0.0062
ILC,Leptin,93,0.0093
ILC,M-CSF,68,0.0068
ILC,Noggin,106,0.0106
ILC,OSM,103,0.0103
ILC,OX40L,91,0.0091
ILC,PBS,510,0.051
ILC,PRL,78,0.0078
ILC,PSPN,88,0.0088
ILC,RANKL,92,0.0092
ILC,SCF,89,0.0089
ILC,TGF-beta1,90,0.009
ILC,TL1A,76,0.0076
ILC,TNF-alpha,91,0.0091
ILC,TPO,108,0.0108
ILC,TRAIL,96,0.0096
ILC,TSLP,103,0.0103
ILC,TWEAK,78,0.0078
ILC,VEGF,63,0.0063
MAIT,4-1BBL,3582,0.3582
MAIT,ADSF,3785,0.3785
MAIT,APRIL,2595,0.2595
MAIT,BAFF,2714,0.2714
MAIT,C3a,2932,0.2932
MAIT,C5a,2578,0.2578
MAIT,CD27L,3615,0.3615
MAIT,CD30L,3613,0.3613
MAIT,CD40L,2991,0.2991
MAIT,CT-1,4630,0.463
MAIT,Decorin,3380,0.338
MAIT,EGF,3746,0.3746
MAIT,EPO,3393,0.3393
MAIT,FGF-beta,2986,0.2986
MAIT,FLT3L,3277,0.3277
MAIT,FasL,3578,0.3578
MAIT,G-CSF,3917,0.3917
MAIT,GDNF,3203,0.3203
MAIT,GITRL,3066,0.3066
MAIT,GM-CSF,2505,0.2505
MAIT,HGF,3228,0.3228
MAIT,IFN-alpha1,3268,0.3268
MAIT,IFN-beta,1753,0.1753
MAIT,IFN-epsilon,3526,0.3526
MAIT,IFN-gamma,2617,0.2617
MAIT,IFN-lambda1,3392,0.3392
MAIT,IFN-lambda2,3206,0.3206
MAIT,IFN-lambda3,2705,0.2705
MAIT,IFN-omega,1547,0.1547
MAIT,IGF-1,3434,0.3434
MAIT,IL-1-alpha,2915,0.2915
MAIT,IL-1-beta,2330,0.233
MAIT,IL-1Ra,4063,0.4063
MAIT,IL-2,2198,0.2198
MAIT,IL-3,2992,0.2992
MAIT,IL-4,3535,0.3535
MAIT,IL-5,3418,0.3418
MAIT,IL-6,3160,0.316
MAIT,IL-7,2235,0.2235
MAIT,IL-8,3340,0.334
MAIT,IL-9,4884,0.4884
MAIT,IL-10,4324,0.4324
MAIT,IL-11,2787,0.2787
MAIT,IL-12,3667,0.3667
MAIT,IL-13,4513,0.4513
MAIT,IL-15,2324,0.2324
MAIT,IL-16,3324,0.3324
MAIT,IL-17A,3219,0.3219
MAIT,IL-17B,2943,0.2943
MAIT,IL-17C,3047,0.3047
MAIT,IL-17D,3334,0.3334
MAIT,IL-17E,3297,0.3297
MAIT,IL-17F,3577,0.3577
MAIT,IL-18,3775,0.3775
MAIT,IL-19,3531,0.3531
MAIT,IL-20,3561,0.3561
MAIT,IL-21,4087,0.4087
MAIT,IL-22,3749,0.3749
MAIT,IL-23,3756,0.3756
MAIT,IL-24,3259,0.3259
MAIT,IL-26,3205,0.3205
MAIT,IL-27,3251,0.3251
MAIT,IL-31,3671,0.3671
MAIT,IL-32-beta,2800,0.28
MAIT,IL-33,3876,0.3876
MAIT,IL-34,3646,0.3646
MAIT,IL-35,3374,0.3374
MAIT,IL-36-alpha,4712,0.4712
MAIT,IL-36Ra,4281,0.4281
MAIT,LIF,3623,0.3623
MAIT,LIGHT,3869,0.3869
MAIT,LT-alpha1-beta2,3052,0.3052
MAIT,LT-alpha2-beta1,2988,0.2988
MAIT,Leptin,3472,0.3472
MAIT,M-CSF,2685,0.2685
MAIT,Noggin,3899,0.3899
MAIT,OSM,3719,0.3719
MAIT,OX40L,3241,0.3241
MAIT,PBS,21539,2.1539
MAIT,PRL,3134,0.3134
MAIT,PSPN,3341,0.3341
MAIT,RANKL,3548,0.3548
MAIT,SCF,4312,0.4312
MAIT,TGF-beta1,3505,0.3505
MAIT,TL1A,2646,0.2646
MAIT,TNF-alpha,4045,0.4045
MAIT,TPO,3328,0.3328
MAIT,TRAIL,3718,0.3718
MAIT,TSLP,4135,0.4135
MAIT,TWEAK,3197,0.3197
MAIT,VEGF,3205,0.3205
NK,4-1BBL,5918,0.5918
NK,ADSF,5767,0.5767
NK,APRIL,3965,0.3965
NK,BAFF,4078,0.4078
NK,C3a,4665,0.4665
NK,C5a,4241,0.4241
NK,CD27L,5885,0.5885
NK,CD30L,5740,0.574
NK,CD40L,4695,0.4695
NK,CT-1,7411,0.7411
NK,Decorin,5543,0.5543
NK,EGF,5480,0.548
NK,EPO,4969,0.4969
NK,FGF-beta,5020,0.502
NK,FLT3L,5494,0.5494
NK,FasL,5715,0.5715
NK,G-CSF,6418,0.6418
NK,GDNF,4867,0.4867
NK,GITRL,4708,0.4708
NK,GM-CSF,5167,0.5167
NK,HGF,4579,0.4579
NK,IFN-alpha1,5837,0.5837
NK,IFN-beta,4705,0.4705
NK,IFN-epsilon,5928,0.5928
NK,IFN-gamma,4784,0.4784
NK,IFN-lambda1,5495,0.5495
NK,IFN-lambda2,5273,0.5273
NK,IFN-lambda3,4355,0.4355
NK,IFN-omega,3645,0.3645
NK,IGF-1,5019,0.5019
NK,IL-1-alpha,5045,0.5045
NK,IL-1-beta,5235,0.5235
NK,IL-1Ra,5750,0.575
NK,IL-2,3961,0.3961
NK,IL-3,4849,0.4849
NK,IL-4,5892,0.5892
NK,IL-5,4903,0.4903
NK,IL-6,5199,0.5199
NK,IL-7,6773,0.6773
NK,IL-8,4741,0.4741
NK,IL-9,7042,0.7042
NK,IL-10,5793,0.5793
NK,IL-11,4406,0.4406
NK,IL-12,5295,0.5295
NK,IL-13,6636,0.6636
NK,IL-15,4058,0.4058
NK,IL-16,4969,0.4969
NK,IL-17A,4784,0.4784
NK,IL-17B,4428,0.4428
NK,IL-17C,4722,0.4722
NK,IL-17D,5318,0.5318
NK,IL-17E,5182,0.5182
NK,IL-17F,5767,0.5767
NK,IL-18,5702,0.5702
NK,IL-19,5539,0.5539
NK,IL-20,5621,0.5621
NK,IL-21,5930,0.593
NK,IL-22,5735,0.5735
NK,IL-23,6295,0.6295
NK,IL-24,4882,0.4882
NK,IL-26,4522,0.4522
NK,IL-27,5528,0.5528
NK,IL-31,5902,0.5902
NK,IL-32-beta,4682,0.4682
NK,IL-33,6689,0.6689
NK,IL-34,6139,0.6139
NK,IL-35,5184,0.5184
NK,IL-36-alpha,7185,0.7185
NK,IL-36Ra,6800,0.68
NK,LIF,5721,0.5721
NK,LIGHT,5976,0.5976
NK,LT-alpha1-beta2,4471,0.4471
NK,LT-alpha2-beta1,4560,0.456
NK,Leptin,5434,0.5434
NK,M-CSF,4191,0.4191
NK,Noggin,5899,0.5899
NK,OSM,5936,0.5936
NK,OX40L,5034,0.5034
NK,PBS,33085,3.3085
NK,PRL,4884,0.4884
NK,PSPN,4964,0.4964
NK,RANKL,5678,0.5678
NK,SCF,5817,0.5817
NK,TGF-beta1,4926,0.4926
NK,TL1A,4373,0.4373
NK,TNF-alpha,5790,0.579
NK,TPO,5111,0.5111
NK,TRAIL,5947,0.5947
NK,TSLP,7106,0.7106
NK,TWEAK,4811,0.4811
NK,VEGF,4402,0.4402
NK CD56bright,4-1BBL,1409,0.1409
NK CD56bright,ADSF,1403,0.1403
NK CD56bright,APRIL,952,0.0952
NK CD56bright,BAFF,997,0.0997
NK CD56bright,C3a,1169,0.1169
NK CD56bright,C5a,1010,0.101
NK CD56bright,CD27L,1443,0.1443
NK CD56bright,CD30L,1352,0.1352
NK CD56bright,CD40L,1115,0.1115
NK CD56bright,CT-1,1838,0.1838
NK CD56bright,Decorin,1243,0.1243
NK CD56bright,EGF,1296,0.1296
NK CD56bright,EPO,1234,0.1234
NK CD56bright,FGF-beta,1187,0.1187
NK CD56bright,FLT3L,1215,0.1215
NK CD56bright,FasL,1316,0.1316
NK CD56bright,G-CSF,1550,0.155
NK CD56bright,GDNF,1185,0.1185
NK CD56bright,GITRL,1096,0.1096
NK CD56bright,GM-CSF,1160,0.116
NK CD56bright,HGF,1147,0.1147
NK CD56bright,IFN-alpha1,1385,0.1385
NK CD56bright,IFN-beta,1053,0.1053
NK CD56bright,IFN-epsilon,1330,0.133
NK CD56bright,IFN-gamma,1204,0.1204
NK CD56bright,IFN-lambda1,1295,0.1295
NK CD56bright,IFN-lambda2,1260,0.126
NK CD56bright,IFN-lambda3,996,0.0996
NK CD56bright,IFN-omega,869,0.0869
NK CD56bright,IGF-1,1180,0.118
NK CD56bright,IL-1-alpha,1149,0.1149
NK CD56bright,IL-1-beta,1278,0.1278
NK CD56bright,IL-1Ra,1238,0.1238
NK CD56bright,IL-2,2518,0.2518
NK CD56bright,IL-3,1158,0.1158
NK CD56bright,IL-4,1320,0.132
NK CD56bright,IL-5,1128,0.1128
NK CD56bright,IL-6,1175,0.1175
NK CD56bright,IL-7,1612,0.1612
NK CD56bright,IL-8,1120,0.112
NK CD56bright,IL-9,1571,0.1571
NK CD56bright,IL-10,1190,0.119
NK CD56bright,IL-11,1080,0.108
NK CD56bright,IL-12,1372,0.1372
NK CD56bright,IL-13,1595,0.1595
NK CD56bright,IL-15,3506,0.3506
NK CD56bright,IL-16,1179,0.1179
NK CD56bright,IL-17A,1123,0.1123
NK CD56bright,IL-17B,1105,0.1105
NK CD56bright,IL-17C,1130,0.113
NK CD56bright,IL-17D,1321,0.1321
NK CD56bright,IL-17E,1270,0.127
NK CD56bright,IL-17F,1420,0.142
NK CD56bright,IL-18,1266,0.1266
NK CD56bright,IL-19,1277,0.1277
NK CD56bright,IL-20,1316,0.1316
NK CD56bright,IL-21,1530,0.153
NK CD56bright,IL-22,1363,0.1363
NK CD56bright,IL-23,1466,0.1466
NK CD56bright,IL-24,1124,0.1124
NK CD56bright,IL-26,1055,0.1055
NK CD56bright,IL-27,1254,0.1254
NK CD56bright,IL-31,1298,0.1298
NK CD56bright,IL-32-beta,1586,0.1586
NK CD56bright,IL-33,1595,0.1595
NK CD56bright,IL-34,1424,0.1424
NK CD56bright,IL-35,1191,0.1191
NK CD56bright,IL-36-alpha,1684,0.1684
NK CD56bright,IL-36Ra,1603,0.1603
NK CD56bright,LIF,1312,0.1312
NK CD56bright,LIGHT,1448,0.1448
NK CD56bright,LT-alpha1-beta2,1021,0.1021
NK CD56bright,LT-alpha2-beta1,1157,0.1157
NK CD56bright,Leptin,1273,0.1273
NK CD56bright,M-CSF,957,0.0957
NK CD56bright,Noggin,1442,0.1442
NK CD56bright,OSM,1402,0.1402
NK CD56bright,OX40L,1255,0.1255
NK CD56bright,PBS,7870,0.787
NK CD56bright,PRL,1234,0.1234
NK CD56bright,PSPN,1138,0.1138
NK CD56bright,RANKL,1373,0.1373
NK CD56bright,SCF,1338,0.1338
NK CD56bright,TGF-beta1,1172,0.1172
NK CD56bright,TL1A,1086,0.1086
NK CD56bright,TNF-alpha,1452,0.1452
NK CD56bright,TPO,1087,0.1087
NK CD56bright,TRAIL,1400,0.14
NK CD56bright,TSLP,1634,0.1634
NK CD56bright,TWEAK,1201,0.1201
NK CD56bright,VEGF,998,0.0998
NKT,4-1BBL,1643,0.1643
NKT,ADSF,1957,0.1957
NKT,APRIL,1476,0.1476
NKT,BAFF,1413,0.1413
NKT,C3a,1740,0.174
NKT,C5a,1118,0.1118
NKT,CD27L,1863,0.1863
NKT,CD30L,1732,0.1732
NKT,CD40L,1485,0.1485
NKT,CT-1,2634,0.2634
NKT,Decorin,1830,0.183
NKT,EGF,1593,0.1593
NKT,EPO,1799,0.1799
NKT,FGF-beta,1447,0.1447
NKT,FLT3L,1558,0.1558
NKT,FasL,1643,0.1643
NKT,G-CSF,1750,0.175
NKT,GDNF,1783,0.1783
NKT,GITRL,1635,0.1635
NKT,GM-CSF,1280,0.128
NKT,HGF,1242,0.1242
NKT,IFN-alpha1,1319,0.1319
NKT,IFN-beta,188,0.0188
NKT,IFN-epsilon,1801,0.1801
NKT,IFN-gamma,813,0.0813
NKT,IFN-lambda1,1549,0.1549
NKT,IFN-lambda2,1691,0.1691
NKT,IFN-lambda3,1367,0.1367
NKT,IFN-omega,300,0.03
NKT,IGF-1,1397,0.1397
NKT,IL-1-alpha,1464,0.1464
NKT,IL-1-beta,958,0.0958
NKT,IL-1Ra,2042,0.2042
NKT,IL-2,658,0.0658
NKT,IL-3,1708,0.1708
NKT,IL-4,2001,0.2001
NKT,IL-5,1670,0.167
NKT,IL-6,1818,0.1818
NKT,IL-7,1480,0.148
NKT,IL-8,1790,0.179
NKT,IL-9,2441,0.2441
NKT,IL-10,2710,0.271
NKT,IL-11,1298,0.1298
NKT,IL-12,1562,0.1562
NKT,IL-13,2550,0.255
NKT,IL-15,748,0.0748
NKT,IL-16,1635,0.1635
NKT,IL-17A,1471,0.1471
NKT,IL-17B,1244,0.1244
NKT,IL-17C,1483,0.1483
NKT,IL-17D,1546,0.1546
NKT,IL-17E,1372,0.1372
NKT,IL-17F,1676,0.1676
NKT,IL-18,1827,0.1827
NKT,IL-19,1808,0.1808
NKT,IL-20,1720,0.172
NKT,IL-21,2057,0.2057
NKT,IL-22,1626,0.1626
NKT,IL-23,2097,0.2097
NKT,IL-24,1390,0.139
NKT,IL-26,1540,0.154
NKT,IL-27,1459,0.1459
NKT,IL-31,1878,0.1878
NKT,IL-32-beta,1545,0.1545
NKT,IL-33,1828,0.1828
NKT,IL-34,1885,0.1885
NKT,IL-35,1787,0.1787
NKT,IL-36-alpha,2202,0.2202
NKT,IL-36Ra,2583,0.2583
NKT,LIF,1748,0.1748
NKT,LIGHT,1932,0.1932
NKT,LT-alpha1-beta2,1287,0.1287
NKT,LT-alpha2-beta1,1419,0.1419
NKT,Leptin,1906,0.1906
NKT,M-CSF,1151,0.1151
NKT,Noggin,2037,0.2037
NKT,OSM,1856,0.1856
NKT,OX40L,1454,0.1454
NKT,PBS,9977,0.9977
NKT,PRL,1827,0.1827
NKT,PSPN,1639,0.1639
NKT,RANKL,1831,0.1831
NKT,SCF,1633,0.1633
NKT,TGF-beta1,1709,0.1709
NKT,TL1A,1517,0.1517
NKT,TNF-alpha,1707,0.1707
NKT,TPO,1644,0.1644
NKT,TRAIL,1821,0.1821
NKT,TSLP,3220,0.322
NKT,TWEAK,1537,0.1537
NKT,VEGF,1562,0.1562
Plasmablast,4-1BBL,77,0.0077
Plasmablast,ADSF,69,0.0069
Plasmablast,APRIL,48,0.0048
Plasmablast,BAFF,38,0.0038
Plasmablast,C3a,47,0.0047
Plasmablast,C5a,38,0.0038
Plasmablast,CD27L,78,0.0078
Plasmablast,CD30L,64,0.0064
Plasmablast,CD40L,55,0.0055
Plasmablast,CT-1,89,0.0089
Plasmablast,Decorin,47,0.0047
Plasmablast,EGF,77,0.0077
Plasmablast,EPO,63,0.0063
Plasmablast,FGF-beta,64,0.0064
Plasmablast,FLT3L,53,0.0053
Plasmablast,FasL,52,0.0052
Plasmablast,G-CSF,81,0.0081
Plasmablast,GDNF,44,0.0044
Plasmablast,GITRL,52,0.0052
Plasmablast,GM-CSF,58,0.0058
Plasmablast,HGF,49,0.0049
Plasmablast,IFN-alpha1,84,0.0084
Plasmablast,IFN-beta,59,0.0059
Plasmablast,IFN-epsilon,73,0.0073
Plasmablast,IFN-gamma,54,0.0054
Plasmablast,IFN-lambda1,60,0.006
Plasmablast,IFN-lambda2,62,0.0062
Plasmablast,IFN-lambda3,43,0.0043
Plasmablast,IFN-omega,55,0.0055
Plasmablast,IGF-1,64,0.0064
Plasmablast,IL-1-alpha,59,0.0059
Plasmablast,IL-1-beta,65,0.0065
Plasmablast,IL-1Ra,65,0.0065
Plasmablast,IL-2,74,0.0074
Plasmablast,IL-3,52,0.0052
Plasmablast,IL-4,54,0.0054
Plasmablast,IL-5,41,0.0041
Plasmablast,IL-6,50,0.005
Plasmablast,IL-7,85,0.0085
Plasmablast,IL-8,45,0.0045
Plasmablast,IL-9,89,0.0089
Plasmablast,IL-10,49,0.0049
Plasmablast,IL-11,53,0.0053
Plasmablast,IL-12,59,0.0059
Plasmablast,IL-13,88,0.0088
Plasmablast,IL-15,77,0.0077
Plasmablast,IL-16,50,0.005
Plasmablast,IL-17A,46,0.0046
Plasmablast,IL-17B,45,0.0045
Plasmablast,IL-17C,47,0.0047
Plasmablast,IL-17D,75,0.0075
Plasmablast,IL-17E,66,0.0066
Plasmablast,IL-17F,69,0.0069
Plasmablast,IL-18,67,0.0067
Plasmablast,IL-19,49,0.0049
Plasmablast,IL-20,42,0.0042
Plasmablast,IL-21,73,0.0073
Plasmablast,IL-22,56,0.0056
Plasmablast,IL-23,74,0.0074
Plasmablast,IL-24,56,0.0056
Plasmablast,IL-26,56,0.0056
Plasmablast,IL-27,63,0.0063
Plasmablast,IL-31,71,0.0071
Plasmablast,IL-32-beta,57,0.0057
Plasmablast,IL-33,86,0.0086
Plasmablast,IL-34,76,0.0076
Plasmablast,IL-35,62,0.0062
Plasmablast,IL-36-alpha,86,0.0086
Plasmablast,IL-36Ra,72,0.0072
Plasmablast,LIF,66,0.0066
Plasmablast,LIGHT,71,0.0071
Plasmablast,LT-alpha1-beta2,68,0.0068
Plasmablast,LT-alpha2-beta1,54,0.0054
Plasmablast,Leptin,52,0.0052
Plasmablast,M-CSF,51,0.0051
Plasmablast,Noggin,56,0.0056
Plasmablast,OSM,62,0.0062
Plasmablast,OX40L,53,0.0053
Plasmablast,PBS,403,0.0403
Plasmablast,PRL,44,0.0044
Plasmablast,PSPN,55,0.0055
Plasmablast,RANKL,49,0.0049
Plasmablast,SCF,64,0.0064
Plasmablast,TGF-beta1,52,0.0052
Plasmablast,TL1A,52,0.0052
Plasmablast,TNF-alpha,63,0.0063
Plasmablast,TPO,46,0.0046
Plasmablast,TRAIL,64,0.0064
Plasmablast,TSLP,93,0.0093
Plasmablast,TWEAK,66,0.0066
Plasmablast,VEGF,46,0.0046
Treg,4-1BBL,1643,0.1643
Treg,ADSF,2391,0.2391
Treg,APRIL,1246,0.1246
Treg,BAFF,1336,0.1336
Treg,C3a,1430,0.143
Treg,C5a,1210,0.121
Treg,CD27L,1887,0.1887
Treg,CD30L,1898,0.1898
Treg,CD40L,1650,0.165
Treg,CT-1,2521,0.2521
Treg,Decorin,1706,0.1706
Treg,EGF,1738,0.1738
Treg,EPO,1568,0.1568
Treg,FGF-beta,1559,0.1559
Treg,FLT3L,1426,0.1426
Treg,FasL,1773,0.1773
Treg,G-CSF,2031,0.2031
Treg,GDNF,1555,0.1555
Treg,GITRL,1495,0.1495
Treg,GM-CSF,1653,0.1653
Treg,HGF,1509,0.1509
Treg,IFN-alpha1,2046,0.2046
Treg,IFN-beta,1739,0.1739
Treg,IFN-epsilon,1952,0.1952
Treg,IFN-gamma,1761,0.1761
Treg,IFN-lambda1,1867,0.1867
Treg,IFN-lambda2,1646,0.1646
Treg,IFN-lambda3,1297,0.1297
Treg,IFN-omega,1497,0.1497
Treg,IGF-1,1488,0.1488
Treg,IL-1-alpha,1710,0.171
Treg,IL-1-beta,1590,0.159
Treg,IL-1Ra,1665,0.1665
Treg,IL-2,2345,0.2345
Treg,IL-3,1621,0.1621
Treg,IL-4,1740,0.174
Treg,IL-5,1417,0.1417
Treg,IL-6,1987,0.1987
Treg,IL-7,3515,0.3515
Treg,IL-8,1471,0.1471
Treg,IL-9,2221,0.2221
Treg,IL-10,1733,0.1733
Treg,IL-11,1507,0.1507
Treg,IL-12,1861,0.1861
Treg,IL-13,2222,0.2222
Treg,IL-15,3112,0.3112
Treg,IL-16,1512,0.1512
Treg,IL-17A,1504,0.1504
Treg,IL-17B,1497,0.1497
Treg,IL-17C,1370,0.137
Treg,IL-17D,1622,0.1622
Treg,IL-17E,1975,0.1975
Treg,IL-17F,2155,0.2155
Treg,IL-18,1693,0.1693
Treg,IL-19,1768,0.1768
Treg,IL-20,1987,0.1987
Treg,IL-21,1965,0.1965
Treg,IL-22,1739,0.1739
Treg,IL-23,1990,0.199
Treg,IL-24,1325,0.1325
Treg,IL-26,1437,0.1437
Treg,IL-27,2096,0.2096
Treg,IL-31,2368,0.2368
Treg,IL-32-beta,1569,0.1569
Treg,IL-33,2010,0.201
Treg,IL-34,1643,0.1643
Treg,IL-35,1617,0.1617
Treg,IL-36-alpha,2382,0.2382
Treg,IL-36Ra,2241,0.2241
Treg,LIF,1899,0.1899
Treg,LIGHT,2055,0.2055
Treg,LT-alpha1-beta2,1282,0.1282
Treg,LT-alpha2-beta1,1465,0.1465
Treg,Leptin,1557,0.1557
Treg,M-CSF,1276,0.1276
Treg,Noggin,1860,0.186
Treg,OSM,1892,0.1892
Treg,OX40L,1652,0.1652
Treg,PBS,9883,0.9883
Treg,PRL,1323,0.1323
Treg,PSPN,1497,0.1497
Treg,RANKL,1851,0.1851
Treg,SCF,1844,0.1844
Treg,TGF-beta1,1449,0.1449
Treg,TL1A,1482,0.1482
Treg,TNF-alpha,1760,0.176
Treg,TPO,1437,0.1437
Treg,TRAIL,1923,0.1923
Treg,TSLP,2133,0.2133
Treg,TWEAK,1599,0.1599
Treg,VEGF,1429,0.1429
cDC,4-1BBL,1149,0.1149
cDC,ADSF,1079,0.1079
cDC,APRIL,827,0.0827
cDC,BAFF,766,0.0766
cDC,C3a,908,0.0908
cDC,C5a,833,0.0833
cDC,CD27L,1350,0.135
cDC,CD30L,1038,0.1038
cDC,CD40L,1047,0.1047
cDC,CT-1,1802,0.1802
cDC,Decorin,1039,0.1039
cDC,EGF,1133,0.1133
cDC,EPO,1037,0.1037
cDC,FGF-beta,1048,0.1048
cDC,FLT3L,1129,0.1129
cDC,FasL,1112,0.1112
cDC,G-CSF,1350,0.135
cDC,GDNF,837,0.0837
cDC,GITRL,935,0.0935
cDC,GM-CSF,1346,0.1346
cDC,HGF,1027,0.1027
cDC,IFN-alpha1,1504,0.1504
cDC,IFN-beta,3174,0.3174
cDC,IFN-epsilon,1422,0.1422
cDC,IFN-gamma,1732,0.1732
cDC,IFN-lambda1,1208,0.1208
cDC,IFN-lambda2,1136,0.1136
cDC,IFN-lambda3,1008,0.1008
cDC,IFN-omega,2589,0.2589
cDC,IGF-1,1121,0.1121
cDC,IL-1-alpha,1154,0.1154
cDC,IL-1-beta,1377,0.1377
cDC,IL-1Ra,1032,0.1032
cDC,IL-2,1645,0.1645
cDC,IL-3,1071,0.1071
cDC,IL-4,1216,0.1216
cDC,IL-5,1031,0.1031
cDC,IL-6,917,0.0917
cDC,IL-7,1679,0.1679
cDC,IL-8,1013,0.1013
cDC,IL-9,1468,0.1468
cDC,IL-10,495,0.0495
cDC,IL-11,1022,0.1022
cDC,IL-12,1158,0.1158
cDC,IL-13,1210,0.121
cDC,IL-15,1691,0.1691
cDC,IL-16,945,0.0945
cDC,IL-17A,1033,0.1033
cDC,IL-17B,911,0.0911
cDC,IL-17C,1056,0.1056
cDC,IL-17D,1219,0.1219
cDC,IL-17E,1194,0.1194
cDC,IL-17F,1245,0.1245
cDC,IL-18,1094,0.1094
cDC,IL-19,1050,0.105
cDC,IL-20,1183,0.1183
cDC,IL-21,1165,0.1165
cDC,IL-22,1205,0.1205
cDC,IL-23,1326,0.1326
cDC,IL-24,1010,0.101
cDC,IL-26,888,0.0888
cDC,IL-27,1134,0.1134
cDC,IL-31,1190,0.119
cDC,IL-32-beta,1107,0.1107
cDC,IL-33,1415,0.1415
cDC,IL-34,1248,0.1248
cDC,IL-35,964,0.0964
cDC,IL-36-alpha,1494,0.1494
cDC,IL-36Ra,1312,0.1312
cDC,LIF,1113,0.1113
cDC,LIGHT,1187,0.1187
cDC,LT-alpha1-beta2,1068,0.1068
cDC,LT-alpha2-beta1,978,0.0978
cDC,Leptin,1039,0.1039
cDC,M-CSF,742,0.0742
cDC,Noggin,1155,0.1155
cDC,OSM,1333,0.1333
cDC,OX40L,1088,0.1088
cDC,PBS,7109,0.7109
cDC,PRL,892,0.0892
cDC,PSPN,898,0.0898
cDC,RANKL,1205,0.1205
cDC,SCF,1121,0.1121
cDC,TGF-beta1,932,0.0932
cDC,TL1A,976,0.0976
cDC,TNF-alpha,957,0.0957
cDC,TPO,979,0.0979
cDC,TRAIL,1251,0.1251
cDC,TSLP,1631,0.1631
cDC,TWEAK,1086,0.1086
cDC,VEGF,951,0.0951
pDC,4-1BBL,178,0.0178
pDC,ADSF,183,0.0183
pDC,APRIL,80,0.008
pDC,BAFF,109,0.0109
pDC,C3a,152,0.0152
pDC,C5a,156,0.0156
pDC,CD27L,237,0.0237
pDC,CD30L,186,0.0186
pDC,CD40L,167,0.0167
pDC,CT-1,448,0.0448
pDC,Decorin,159,0.0159
pDC,EGF,174,0.0174
pDC,EPO,146,0.0146
pDC,FGF-beta,210,0.021
pDC,FLT3L,186,0.0186
pDC,FasL,158,0.0158
pDC,G-CSF,322,0.0322
pDC,GDNF,104,0.0104
pDC,GITRL,130,0.013
pDC,GM-CSF,360,0.036
pDC,HGF,159,0.0159
pDC,IFN-alpha1,471,0.0471
pDC,IFN-beta,413,0.0413
pDC,IFN-epsilon,366,0.0366
pDC,IFN-gamma,333,0.0333
pDC,IFN-lambda1,400,0.04
pDC,IFN-lambda2,214,0.0214
pDC,IFN-lambda3,267,0.0267
pDC,IFN-omega,208,0.0208
pDC,IGF-1,154,0.0154
pDC,IL-1-alpha,202,0.0202
pDC,IL-1-beta,214,0.0214
pDC,IL-1Ra,124,0.0124
pDC,IL-2,326,0.0326
pDC,IL-3,178,0.0178
pDC,IL-4,209,0.0209
pDC,IL-5,142,0.0142
pDC,IL-6,135,0.0135
pDC,IL-7,330,0.033
pDC,IL-8,144,0.0144
pDC,IL-9,155,0.0155
pDC,IL-10,58,0.0058
pDC,IL-11,119,0.0119
pDC,IL-12,230,0.023
pDC,IL-13,172,0.0172
pDC,IL-15,328,0.0328
pDC,IL-16,193,0.0193
pDC,IL-17A,159,0.0159
pDC,IL-17B,176,0.0176
pDC,IL-17C,198,0.0198
pDC,IL-17D,204,0.0204
pDC,IL-17E,144,0.0144
pDC,IL-17F,218,0.0218
pDC,IL-18,152,0.0152
pDC,IL-19,197,0.0197
pDC,IL-20,164,0.0164
pDC,IL-21,231,0.0231
pDC,IL-22,181,0.0181
pDC,IL-23,194,0.0194
pDC,IL-24,118,0.0118
pDC,IL-26,114,0.0114
pDC,IL-27,172,0.0172
pDC,IL-31,200,0.02
pDC,IL-32-beta,8,0.0008
pDC,IL-33,322,0.0322
pDC,IL-34,224,0.0224
pDC,IL-35,221,0.0221
pDC,IL-36-alpha,242,0.0242
pDC,IL-36Ra,202,0.0202
pDC,LIF,172,0.0172
pDC,LIGHT,199,0.0199
pDC,LT-alpha1-beta2,108,0.0108
pDC,LT-alpha2-beta1,173,0.0173
pDC,Leptin,154,0.0154
pDC,M-CSF,141,0.0141
pDC,Noggin,188,0.0188
pDC,OSM,216,0.0216
pDC,OX40L,181,0.0181
pDC,PBS,1273,0.1273
pDC,PRL,104,0.0104
pDC,PSPN,127,0.0127
pDC,RANKL,189,0.0189
pDC,SCF,197,0.0197
pDC,TGF-beta1,169,0.0169
pDC,TL1A,155,0.0155
pDC,TNF-alpha,182,0.0182
pDC,TPO,167,0.0167
pDC,TRAIL,285,0.0285
pDC,TSLP,194,0.0194
pDC,TWEAK,157,0.0157
pDC,VEGF,81,0.0081
